<?xml version="1.0" encoding="UTF-8" ?>
<!DOCTYPE mapper
PUBLIC "-//mybatis.org//DTD Mapper 3.0//EN"
"http://mybatis.org/dtd/mybatis-3-mapper.dtd">
<mapper namespace="com.ruoyi.manage.mapper.DormRepairMapper">
    
    <resultMap type="DormRepair" id="DormRepairResult">
        <result property="repairId"    column="repair_id"    />
        <result property="roomId"    column="room_id"    />
        <result property="reportUserId"    column="report_user_id"    />
        <result property="description"    column="description"    />
        <result property="images"    column="images"    />
        <result property="workerUserId"    column="worker_user_id"    />
        <result property="feedback"    column="feedback"    />
        <result property="status"    column="status"    />
        <result property="delFlag"    column="del_flag"    />
        <result property="createBy"    column="create_by"    />
        <result property="createTime"    column="create_time"    />
        <result property="updateBy"    column="update_by"    />
        <result property="updateTime"    column="update_time"    />
        <result property="remark"    column="remark"    />
    </resultMap>

    <sql id="selectDormRepairVo">
        select repair_id, room_id, report_user_id, description, images, worker_user_id, feedback, status, del_flag, create_by, create_time, update_by, update_time, remark from tb_dorm_repair
    </sql>

    <select id="selectDormRepairList" parameterType="DormRepair" resultMap="DormRepairResult">
        <include refid="selectDormRepairVo"/>
        <where>  
            <if test="roomId != null "> and room_id = #{roomId}</if>
            <if test="reportUserId != null "> and report_user_id = #{reportUserId}</if>
            <if test="description != null  and description != ''"> and description = #{description}</if>
            <if test="images != null  and images != ''"> and images = #{images}</if>
            <if test="workerUserId != null "> and worker_user_id = #{workerUserId}</if>
            <if test="feedback != null  and feedback != ''"> and feedback = #{feedback}</if>
            <if test="status != null  and status != ''"> and status = #{status}</if>
        </where>
    </select>
    
    <select id="selectDormRepairByRepairId" parameterType="Long" resultMap="DormRepairResult">
        <include refid="selectDormRepairVo"/>
        where repair_id = #{repairId}
    </select>

    <insert id="insertDormRepair" parameterType="DormRepair" useGeneratedKeys="true" keyProperty="repairId">
        insert into tb_dorm_repair
        <trim prefix="(" suffix=")" suffixOverrides=",">
            <if test="roomId != null">room_id,</if>
            <if test="reportUserId != null">report_user_id,</if>
            <if test="description != null and description != ''">description,</if>
            <if test="images != null">images,</if>
            <if test="workerUserId != null">worker_user_id,</if>
            <if test="feedback != null">feedback,</if>
            <if test="status != null and status != ''">status,</if>
            <if test="delFlag != null and delFlag != ''">del_flag,</if>
            <if test="createBy != null">create_by,</if>
            <if test="createTime != null">create_time,</if>
            <if test="updateBy != null">update_by,</if>
            <if test="updateTime != null">update_time,</if>
            <if test="remark != null">remark,</if>
         </trim>
        <trim prefix="values (" suffix=")" suffixOverrides=",">
            <if test="roomId != null">#{roomId},</if>
            <if test="reportUserId != null">#{reportUserId},</if>
            <if test="description != null and description != ''">#{description},</if>
            <if test="images != null">#{images},</if>
            <if test="workerUserId != null">#{workerUserId},</if>
            <if test="feedback != null">#{feedback},</if>
            <if test="status != null and status != ''">#{status},</if>
            <if test="delFlag != null and delFlag != ''">#{delFlag},</if>
            <if test="createBy != null">#{createBy},</if>
            <if test="createTime != null">#{createTime},</if>
            <if test="updateBy != null">#{updateBy},</if>
            <if test="updateTime != null">#{updateTime},</if>
            <if test="remark != null">#{remark},</if>
         </trim>
    </insert>

    <update id="updateDormRepair" parameterType="DormRepair">
        update tb_dorm_repair
        <trim prefix="SET" suffixOverrides=",">
            <if test="roomId != null">room_id = #{roomId},</if>
            <if test="reportUserId != null">report_user_id = #{reportUserId},</if>
            <if test="description != null and description != ''">description = #{description},</if>
            <if test="images != null">images = #{images},</if>
            <if test="workerUserId != null">worker_user_id = #{workerUserId},</if>
            <if test="feedback != null">feedback = #{feedback},</if>
            <if test="status != null and status != ''">status = #{status},</if>
            <if test="delFlag != null and delFlag != ''">del_flag = #{delFlag},</if>
            <if test="createBy != null">create_by = #{createBy},</if>
            <if test="createTime != null">create_time = #{createTime},</if>
            <if test="updateBy != null">update_by = #{updateBy},</if>
            <if test="updateTime != null">update_time = #{updateTime},</if>
            <if test="remark != null">remark = #{remark},</if>
        </trim>
        where repair_id = #{repairId}
    </update>

    <delete id="deleteDormRepairByRepairId" parameterType="Long">
        delete from tb_dorm_repair where repair_id = #{repairId}
    </delete>

    <delete id="deleteDormRepairByRepairIds" parameterType="String">
        delete from tb_dorm_repair where repair_id in 
        <foreach item="repairId" collection="array" open="(" separator="," close=")">
            #{repairId}
        </foreach>
    </delete>
</mapper>