<?xml version="1.0" encoding="UTF-8" ?>
<!DOCTYPE mapper
PUBLIC "-//mybatis.org//DTD Mapper 3.0//EN"
"http://mybatis.org/dtd/mybatis-3-mapper.dtd">
<mapper namespace="com.ruoyi.manage.mapper.DormAllocationMapper">
    
    <resultMap type="DormAllocation" id="DormAllocationResult">
        <result property="allocationId"    column="allocation_id"    />
        <result property="studentId"    column="student_id"    />
        <result property="roomId"    column="room_id"    />
        <result property="bedNumber"    column="bed_number"    />
        <result property="checkInDate"    column="check_in_date"    />
        <result property="checkOutDate"    column="check_out_date"    />
        <result property="status"    column="status"    />
        <result property="delFlag"    column="del_flag"    />
        <result property="createBy"    column="create_by"    />
        <result property="createTime"    column="create_time"    />
        <result property="updateBy"    column="update_by"    />
        <result property="updateTime"    column="update_time"    />
        <result property="remark"    column="remark"    />
    </resultMap>

    <sql id="selectDormAllocationVo">
        select allocation_id, student_id, room_id, bed_number, check_in_date, check_out_date, status, del_flag, create_by, create_time, update_by, update_time, remark from tb_dorm_allocation
    </sql>

    <select id="selectDormAllocationList" parameterType="DormAllocation" resultMap="DormAllocationResult">
        <include refid="selectDormAllocationVo"/>
        <where>  
            <if test="studentId != null "> and student_id = #{studentId}</if>
            <if test="roomId != null "> and room_id = #{roomId}</if>
            <if test="bedNumber != null  and bedNumber != ''"> and bed_number = #{bedNumber}</if>
            <if test="checkInDate != null "> and check_in_date = #{checkInDate}</if>
            <if test="checkOutDate != null "> and check_out_date = #{checkOutDate}</if>
            <if test="status != null  and status != ''"> and status = #{status}</if>
        </where>
    </select>
    
    <select id="selectDormAllocationByAllocationId" parameterType="Long" resultMap="DormAllocationResult">
        <include refid="selectDormAllocationVo"/>
        where allocation_id = #{allocationId}
    </select>

    <insert id="insertDormAllocation" parameterType="DormAllocation" useGeneratedKeys="true" keyProperty="allocationId">
        insert into tb_dorm_allocation
        <trim prefix="(" suffix=")" suffixOverrides=",">
            <if test="studentId != null">student_id,</if>
            <if test="roomId != null">room_id,</if>
            <if test="bedNumber != null and bedNumber != ''">bed_number,</if>
            <if test="checkInDate != null">check_in_date,</if>
            <if test="checkOutDate != null">check_out_date,</if>
            <if test="status != null and status != ''">status,</if>
            <if test="delFlag != null and delFlag != ''">del_flag,</if>
            <if test="createBy != null">create_by,</if>
            <if test="createTime != null">create_time,</if>
            <if test="updateBy != null">update_by,</if>
            <if test="updateTime != null">update_time,</if>
            <if test="remark != null">remark,</if>
         </trim>
        <trim prefix="values (" suffix=")" suffixOverrides=",">
            <if test="studentId != null">#{studentId},</if>
            <if test="roomId != null">#{roomId},</if>
            <if test="bedNumber != null and bedNumber != ''">#{bedNumber},</if>
            <if test="checkInDate != null">#{checkInDate},</if>
            <if test="checkOutDate != null">#{checkOutDate},</if>
            <if test="status != null and status != ''">#{status},</if>
            <if test="delFlag != null and delFlag != ''">#{delFlag},</if>
            <if test="createBy != null">#{createBy},</if>
            <if test="createTime != null">#{createTime},</if>
            <if test="updateBy != null">#{updateBy},</if>
            <if test="updateTime != null">#{updateTime},</if>
            <if test="remark != null">#{remark},</if>
         </trim>
    </insert>

    <update id="updateDormAllocation" parameterType="DormAllocation">
        update tb_dorm_allocation
        <trim prefix="SET" suffixOverrides=",">
            <if test="studentId != null">student_id = #{studentId},</if>
            <if test="roomId != null">room_id = #{roomId},</if>
            <if test="bedNumber != null and bedNumber != ''">bed_number = #{bedNumber},</if>
            <if test="checkInDate != null">check_in_date = #{checkInDate},</if>
            <if test="checkOutDate != null">check_out_date = #{checkOutDate},</if>
            <if test="status != null and status != ''">status = #{status},</if>
            <if test="delFlag != null and delFlag != ''">del_flag = #{delFlag},</if>
            <if test="createBy != null">create_by = #{createBy},</if>
            <if test="createTime != null">create_time = #{createTime},</if>
            <if test="updateBy != null">update_by = #{updateBy},</if>
            <if test="updateTime != null">update_time = #{updateTime},</if>
            <if test="remark != null">remark = #{remark},</if>
        </trim>
        where allocation_id = #{allocationId}
    </update>

    <delete id="deleteDormAllocationByAllocationId" parameterType="Long">
        delete from tb_dorm_allocation where allocation_id = #{allocationId}
    </delete>

    <delete id="deleteDormAllocationByAllocationIds" parameterType="String">
        delete from tb_dorm_allocation where allocation_id in 
        <foreach item="allocationId" collection="array" open="(" separator="," close=")">
            #{allocationId}
        </foreach>
    </delete>
</mapper>