<?xml version="1.0" encoding="UTF-8" ?>
<!DOCTYPE mapper
        PUBLIC "-//mybatis.org//DTD Mapper 3.0//EN"
        "http://mybatis.org/dtd/mybatis-3-mapper.dtd">
<mapper namespace="com.ruoyi.manage.mapper.DormRepairMapper">

    <!-- 结果集映射 -->
    <resultMap type="com.ruoyi.manage.domain.DormRepair" id="DormRepairResult">
        <result property="repairId"       column="repair_id"       />
        <result property="roomId"         column="room_id"         />
        <result property="reportUserId"   column="report_user_id"  />
        <result property="description"    column="description"     />
        <result property="images"         column="images"          />
        <result property="workerUserId"   column="worker_user_id"  />
        <result property="feedback"       column="feedback"        />
        <result property="status"         column="status"          />
        <result property="delFlag"        column="del_flag"        />
        <result property="createBy"       column="create_by"       />
        <result property="createTime"     column="create_time"     />
        <result property="updateBy"       column="update_by"       />
        <result property="updateTime"     column="update_time"     />
        <result property="remark"         column="remark"          />
    </resultMap>

    <!-- 基础查询字段 -->
    <sql id="selectDormRepairVo">
        select repair_id, room_id, report_user_id, description, images,
               worker_user_id, feedback, status, del_flag, create_by,
               create_time, update_by, update_time, remark
        from tb_dorm_repair
    </sql>

    <!-- 查询维修报修列表（支持MyRepairService按reportUserId过滤） -->
    <select id="selectDormRepairList" parameterType="com.ruoyi.manage.domain.DormRepair" resultMap="DormRepairResult">
        <include refid="selectDormRepairVo"/>
        <where>
            <!-- 逻辑删除过滤：只查询未删除的数据 -->
            del_flag = '0'
            <!-- 房间ID查询条件 -->
            <if test="roomId != null">and room_id = #{roomId}</if>
            <!-- 报修人ID查询条件（MyRepairService核心过滤条件） -->
            <if test="reportUserId != null">and report_user_id = #{reportUserId}</if>
            <!-- 问题描述查询条件 -->
            <if test="description != null and description != ''">and description = #{description}</if>
            <!-- 图片URL查询条件 -->
            <if test="images != null and images != ''">and images = #{images}</if>
            <!-- 维修工ID查询条件 -->
            <if test="workerUserId != null">and worker_user_id = #{workerUserId}</if>
            <!-- 维修反馈查询条件 -->
            <if test="feedback != null and feedback != ''">and feedback = #{feedback}</if>
            <!-- 状态查询条件（0待处理,1维修中,2已完成） -->
            <if test="status != null and status != ''">and status = #{status}</if>
        </where>
        <!-- 按创建时间倒序，最新的报修在前 -->
        order by create_time desc
    </select>

    <!-- 根据ID查询维修报修（支持MyRepairService验证数据归属） -->
    <select id="selectDormRepairByRepairId" parameterType="Long" resultMap="DormRepairResult">
        <include refid="selectDormRepairVo"/>
        where repair_id = #{repairId}
        and del_flag = '0'  <!-- 过滤已删除数据 -->
    </select>

    <!-- 新增维修报修 -->
    <insert id="insertDormRepair" parameterType="com.ruoyi.manage.domain.DormRepair" useGeneratedKeys="true" keyProperty="repairId">
        insert into tb_dorm_repair
        <trim prefix="(" suffix=")" suffixOverrides=",">
            <if test="roomId != null">room_id,</if>
            <if test="reportUserId != null">report_user_id,</if>
            <if test="description != null and description != ''">description,</if>
            <if test="images != null and images != ''">images,</if>
            <if test="workerUserId != null">worker_user_id,</if>
            <if test="feedback != null and feedback != ''">feedback,</if>
            <if test="status != null and status != ''">status,</if>
            <!-- 默认未删除 -->
            <if test="delFlag == null">del_flag,</if>
            <if test="createBy != null and createBy != ''">create_by,</if>
            <if test="createTime != null">create_time,</if>
            <if test="updateBy != null and updateBy != ''">update_by,</if>
            <if test="updateTime != null">update_time,</if>
            <if test="remark != null and remark != ''">remark,</if>
        </trim>
        <trim prefix="values (" suffix=")" suffixOverrides=",">
            <if test="roomId != null">#{roomId},</if>
            <if test="reportUserId != null">#{reportUserId},</if>
            <if test="description != null and description != ''">#{description},</if>
            <if test="images != null and images != ''">#{images},</if>
            <if test="workerUserId != null">#{workerUserId},</if>
            <if test="feedback != null and feedback != ''">#{feedback},</if>
            <if test="status != null and status != ''">#{status},</if>
            <!-- 默认未删除 -->
            <if test="delFlag == null">'0',</if>
            <if test="createBy != null and createBy != ''">#{createBy},</if>
            <if test="createTime != null">#{createTime},</if>
            <if test="updateBy != null and updateBy != ''">#{updateBy},</if>
            <if test="updateTime != null">#{updateTime},</if>
            <if test="remark != null and remark != ''">#{remark},</if>
        </trim>
    </insert>

    <!-- 修改维修报修 -->
    <update id="updateDormRepair" parameterType="com.ruoyi.manage.domain.DormRepair">
        update tb_dorm_repair
        <trim prefix="SET" suffixOverrides=",">
            <if test="roomId != null">room_id = #{roomId},</if>
            <if test="reportUserId != null">report_user_id = #{reportUserId},</if>
            <if test="description != null and description != ''">description = #{description},</if>
            <if test="images != null and images != ''">images = #{images},</if>
            <if test="workerUserId != null">worker_user_id = #{workerUserId},</if>
            <if test="feedback != null and feedback != ''">feedback = #{feedback},</if>
            <if test="status != null and status != ''">status = #{status},</if>
            <if test="delFlag != null and delFlag != ''">del_flag = #{delFlag},</if>
            <if test="createBy != null and createBy != ''">create_by = #{createBy},</if>
            <if test="createTime != null">create_time = #{createTime},</if>
            <if test="updateBy != null and updateBy != ''">update_by = #{updateBy},</if>
            <if test="updateTime != null">update_time = #{updateTime},</if>
            <if test="remark != null and remark != ''">remark = #{remark},</if>
        </trim>
        where repair_id = #{repairId}
        and del_flag = '0'  <!-- 只修改未删除的数据 -->
    </update>

    <!-- 单个删除维修报修（物理删除，若需逻辑删除可改为更新del_flag） -->
    <delete id="deleteDormRepairByRepairId" parameterType="Long">
        delete from tb_dorm_repair
        where repair_id = #{repairId}
    </delete>

    <!-- 批量删除维修报修（修复参数类型为Long数组） -->
    <delete id="deleteDormRepairByRepairIds" parameterType="Long[]">
        delete from tb_dorm_repair
        where repair_id in
        <foreach item="repairId" collection="array" open="(" separator="," close=")">
            #{repairId}
        </foreach>
    </delete>

</mapper>